id;analysis_request_id;downloaded_by;downloaded_at;created_at
8805e94e-0778-474d-8ac4-0305315e3bb8;cc1d1a12-2e9f-4577-abfb-ea8870887eb6;;2026-07-29 10:06:33.407343+00;2026-07-29 10:06:33.407343+00
a749b876-208b-424d-9f8d-d7a9a6e6bac3;cc1d1a12-2e9f-4577-abfb-ea8870887eb6;e87e1f6b-1658-4aee-b7d7-3de7970dccc4;2026-07-29 12:02:20.928813+00;2026-07-29 12:02:20.928813+00
7366ff0f-d88e-4a27-a4b6-6ce88812b8ed;85f1ee3d-17e8-46c8-ab21-5a00ba31ef18;e87e1f6b-1658-4aee-b7d7-3de7970dccc4;2026-07-29 12:11:47.033812+00;2026-07-29 12:11:47.033812+00
8049ed63-cb13-41da-94fe-11e914de88f8;85f1ee3d-17e8-46c8-ab21-5a00ba31ef18;651ce83c-c112-48b0-adb1-f273a478b269;2026-07-29 12:48:16.955057+00;2026-07-29 12:48:16.955057+00
805e5cc2-9aca-4eed-a941-cfc9a7cc1c07;85f1ee3d-17e8-46c8-ab21-5a00ba31ef18;651ce83c-c112-48b0-adb1-f273a478b269;2026-07-29 12:54:53.67822+00;2026-07-29 12:54:53.67822+00
38e5ccc8-2ee3-48af-a696-bc4df4a13b4b;7a2efd33-57b3-4ff7-a03b-d8be99e7dfa8;651ce83c-c112-48b0-adb1-f273a478b269;2026-07-30 15:56:27.777735+00;2026-07-30 15:56:27.777735+00
9ee1937b-27a6-443b-a1eb-d79283a90f65;7a2efd33-57b3-4ff7-a03b-d8be99e7dfa8;651ce83c-c112-48b0-adb1-f273a478b269;2026-07-30 15:57:05.559061+00;2026-07-30 15:57:05.559061+00
ad58e411-3dcb-455a-b023-783ec977dd4a;de386ec1-c066-433c-b882-036de29dbfcd;651ce83c-c112-48b0-adb1-f273a478b269;2026-07-30 17:42:58.328838+00;2026-07-30 17:42:58.328838+00
1d2f93ea-ae7d-4e09-838d-ecc4af7d49d3;de386ec1-c066-433c-b882-036de29dbfcd;651ce83c-c112-48b0-adb1-f273a478b269;2026-07-30 17:43:04.680038+00;2026-07-30 17:43:04.680038+00
d8e26dce-6514-45bb-93e4-cbc7192e231b;de386ec1-c066-433c-b882-036de29dbfcd;651ce83c-c112-48b0-adb1-f273a478b269;2026-07-30 17:45:15.757918+00;2026-07-30 17:45:15.757918+00
8b4b77cc-799d-4b97-8da3-0b9321013b4b;8474c971-0405-4e81-917c-5d7af7553e94;e87e1f6b-1658-4aee-b7d7-3de7970dccc4;2026-08-01 02:56:00.513602+00;2026-08-01 02:56:00.513602+00